Labels,Counts
Motorcycles,3736
Recipes,338040
Subjects,6623
Crafts,182771
Gardening,71913
Parenting,968
Boats,3354
Cars,44570
Tricks and Pranks,9936
Toys,9962
Individual Sports,4131
Grooming,11805
,13333
Maintenance and Repair,1157
Halloween,10658
Collecting,4040
Gift Giving,2560
Small and Furry,3786
General Pet Accessories,199
Tools,11443
Breakfast,15161
Phones and Gadgets,963
Conditions and Treatments,3173
Personal Hygiene,919
Christmas,8192
Housekeeping,68962
Easter,3342
Writing,4826
Dogs,7322
Photography,6575
Bicycles,4804
Home Improvements and Repairs,79830
Herbs and Spices,7906
Model Making,3091
Drinks,68598
Thanksgiving,683
Snails and Slugs,124
Food Preparation,27004
Costumes,1131
Fashion,3257
Birds,3266
Driving Techniques,2288
Holiday Cooking,7690
Woodworking,10803
Landscaping and Outdoor Building,14640
Emotional Health,5291
Diwali,26
Weddings,73
Trucks,2313
Presentations,203
Injury and Accidents,1947
Faith and Belief,91
Vehicle Sports,1051
Sustainable Living,2959
Laptops,422
Personal Care for Youth,981
Software,880
Nuts and Seeds,4195
Medication and Medical Equipment,1701
Valentines Day,781
Passover,151
Appreciation of Food,1026
Barbecue,2395
Games,12201
Disaster Preparedness,7060
Trailers,1303
Men's Health,97
Cats,4070
Fish,3415
Off Road Vehicles,922
Dining Etiquette,198
Scooters,758
National Days (USA),6
Movies,283
Music,6789
Team Sports,2595
Care and Use of Cooking Equipment,8115
Alternative Health,767
Books,993
Birthdays,115
Diet & Lifestyle,386
Occupations,329
Womenâ€™s Health,218
Saint Patrick's Day,375
Cosplay and Role Playing,94
Hardware,1044
Fireworks,1439
Painting,3397
Recreational Vehicles,806
Swimming Pools Spas and Hot Tubs,2637
Digital Technology Art and Craft Projects,1698
Bugs,1372
Horses,3401
Health Hygiene,358
TV and Home Audio,692
Mother's Day,254
Parties,12362
Recreational Drug Use,724
Food Safety,808
Tattoos and Piercing,94
Home Decorating,8524
Reptiles,1706
Outdoor Recreation,8853
Personal Space,108
Personal Fitness,397
Speaking,3683
Wildlife,256
School Stuff,22
Amateur Radio,559
Travel Tips,129
Sculpting,938
Hanukkah Chanukah,96
Drawing,2336
Cooking for Children,3342
Networking,128
Health Care and Medical Information,287
Religion,400
Crustaceans,444
Rabbits,1150
Moving House and Packing,1999
Kite Making and Kite Flying,175
Office Skills,181
Reproductive Health,142
Friends,39
Boredom Busters,326
Business,792
Wargaming,223
Aviation,1757
Carnivals Circuses and Theme Parks,180
Workplace Conflicts Coping and Issues,80
General Pet Health,37
Recipe Books and Cookbooks,353
Optical Devices,227
Dining Out,71
Security and Military Vehicles,32
Exhibited Arts,71
Amphibian,82
Animal Rescue,73
Performing Arts,222
Picnics,163
Animal Welfare Activism,55
Flags,62
Social Activism,15
